{"cameraMode":{"drawMode":0,"name":"Shaded","section":"Shading Mode"},"sceneLighting":true,"audioPlay":false,"sceneViewState":{"m_AlwaysRefresh":false,"showFog":true,"showSkybox":true,"showFlares":true,"showImageEffects":true,"showParticleSystems":true,"showVisualEffectGraphs":true,"m_FxEnabled":true},"in2DMode":false,"pivot":{"x":-60.189815521240237,"y":19.978185653686525,"z":20.875789642333986},"rotation":{"x":0.014071835204958916,"y":0.6797570586204529,"z":0.013046992011368275,"w":-0.7331874370574951},"size":62.515262603759769,"orthographic":false}